rank,ticker,namn,startkurs,förväntad_avkastning,kvalitetspoäng
1,MU,"Micron Technology, Inc.",1074.8900146484375,0.3749159966636478,90
2,NVDA,NVIDIA Corporation,233.9499969482422,0.3752045719058324,84
3,AVGO,Broadcom Inc.,355.1400146484375,0.4104411081174931,77
4,RDDT,"Reddit, Inc.",147.86000061035156,0.33721711513044716,81
5,SNDK,Sandisk Corporation,1719.989990234375,0.3008378716091048,86
6,APP,AppLovin Corporation,268.2200012207031,0.5271851571826809,75
7,ALB,Albemarle Corporation,104.58999633789062,0.35899203124210133,76
8,GOOG,Alphabet Inc.,340.3500061035156,0.25015113798183763,83
9,APO,"Apollo Global Management, Inc.",114.0199966430664,0.27223664631600347,78
10,JBL,Jabil Inc.,304.4100036621094,0.3796827486090637,72
11,FIX,"Comfort Systems USA, Inc.",1728.010009765625,0.2726911902274307,77
12,COF,Capital One Financial Corporation,194.72000122070312,0.26381458240885863,78
13,STX,Seagate Technology Holdings plc,848.989990234375,0.3703790936208379,72
14,FSLR,"First Solar, Inc.",174.61000061035156,0.4403642772776158,71
15,INCY,Incyte Corporation,115.30000305175781,0.23838505947513514,86
16,AMAT,"Applied Materials, Inc.",540.0399780273438,0.2885350562204066,74
17,NXPI,NXP Semiconductors N.V.,243.66000366210938,0.2405287138646071,79
18,SCHW,The Charles Schwab Corporation,96.69999694824219,0.245837556990129,78
19,FICO,Fair Isaac Corporation,661.25,0.5048859205075614,69
20,MPWR,"Monolithic Power Systems, Inc.",1439.72998046875,0.2685501746538209,75
21,ORCL,Oracle Corporation,142.3000030517578,0.4634991768493615,69
22,MCHP,Microchip Technology Incorporated,81.31999969482422,0.28634711580524935,73
23,ON,ON Semiconductor Corporation,84.88999938964844,0.3068236287600881,72
24,BKNG,Booking Holdings Inc.,159.02000427246094,0.3285313496355699,71
25,ADSK,"Autodesk, Inc.",212.0,0.27802173438165145,73
26,FIS,"Fidelity National Information Services, Inc.",32.439998626708984,0.34405553628450997,70
27,FLEX,Flex Ltd.,116.61000061035156,0.39437413229596424,68
28,DECK,Deckers Outdoor Corporation,79.12000274658203,0.3271168133952143,70
29,CIEN,Ciena Corporation,391.3399963378906,0.3495824077113851,69
30,HWM,Howmet Aerospace Inc.,231.27000427246094,0.30867661961927884,70
31,EXPE,"Expedia Group, Inc.",265.0,0.2388369208130222,75
32,VRT,Vertiv Holdings Co,252.17999267578125,0.334237769359779,69
33,EME,"EMCOR Group, Inc.",786.6099853515625,0.22384887179268498,76
34,BX,Blackstone Inc.,111.75,0.2339880286482407,74
35,COHR,Coherent Corp.,337.0400085449219,0.31156066682319034,68
36,CVNA,Carvana Co.,63.77000045776367,0.2969468380526107,69
37,CSGP,"CoStar Group, Inc.",27.3799991607666,0.29064167271923375,69
38,GEN,Gen Digital Inc.,21.989999771118164,0.3298217398915264,67
39,GNRC,Generac Holdings Inc.,216.8000030517578,0.3031067187794615,67
40,BLK,"BlackRock, Inc.",1059.6300048828125,0.18998854811391588,83
41,PODD,Insulet Corporation,131.69000244140625,0.21594879988172083,75
42,HUM,Humana Inc.,388.3599853515625,0.22709466485039043,73
43,BAC,Bank of America Corporation,53.75,0.2186486481891967,73
44,JBHT,"J.B. Hunt Transport Services, Inc.",234.1999969482422,0.29658500435202517,66
45,ANET,"Arista Networks, Inc.",207.35000610351562,0.20309409402387701,75
46,C,Citigroup Inc.,128.5,0.20750806361743762,74
47,UBER,"Uber Technologies, Inc.",68.11000061035156,0.38992689331437225,63
48,OMC,Omnicom Group Inc.,74.1500015258789,0.27958036298060834,66
49,RJF,"Raymond James Financial, Inc.",158.2100067138672,0.17873712738046604,82
50,SYK,Stryker Corporation,275.42999267578125,0.21876705520894751,72
